DROP TABLE IF EXISTS users;
DROP TABLE IF EXISTS status;
DROP TABLE IF EXISTS friendship;
DROP TABLE IF EXISTS friendship_accepted;
DROP TABLE IF EXISTS friendship_requested;
DROP VIEW IF EXISTS friends;
DROP VIEW IF EXISTS roles;
DROP TABLE IF EXISTS activities;
CREATE TABLE activities  ( 
	activity_id	int(11) AUTO_INCREMENT NOT NULL,
	user_id    	int(11) NOT NULL DEFAULT '0',
	typ        	enum('status','profile','friend','like','dislike') NOT NULL,
	parent     	int(11) NULL,
	time       	datetime NOT NULL,
	content    	text NULL,
	PRIMARY KEY(activity_id)
)
ENGINE = InnoDB
CHARACTER SET utf8
COLLATE utf8_general_ci;

CREATE TABLE `friendship_accepted` (
	`primary_user` INT(11) NOT NULL,
	`secondary_user` INT(11) NOT NULL,
	PRIMARY KEY (`primary_user`, `secondary_user`)
)
COLLATE='utf8_general_ci'
ENGINE=InnoDB;

CREATE TABLE `friendship_requested` (
	`primary_user` INT(11) NOT NULL,
	`secondary_user` INT(11) NOT NULL,
	PRIMARY KEY (`primary_user`, `secondary_user`)
)
COLLATE='utf8_general_ci'
ENGINE=InnoDB;


CREATE TABLE status  ( 
	status_id  	int(11) AUTO_INCREMENT NOT NULL,
	activity_id	int(11) NOT NULL DEFAULT '0',
	content    	varchar(1000) NOT NULL,
	PRIMARY KEY(status_id)
)
ENGINE = InnoDB
CHARACTER SET utf8
COLLATE utf8_general_ci;

CREATE TABLE users  ( 
	id       	int(11) UNSIGNED AUTO_INCREMENT NOT NULL,
	email    	varchar(255) NOT NULL,
	password 	varchar(255) NOT NULL,
	prename  	varchar(255) NOT NULL,
	surname  	varchar(255) NOT NULL,
	birthdate	datetime NOT NULL,
	city     	varchar(255) NOT NULL,
	photo    	longblob NULL,
	PRIMARY KEY(id)
)
ENGINE = InnoDB
CHARACTER SET utf8
COLLATE utf8_general_ci;

CREATE VIEW friends_accepted
AS
select `u1`.`surname` AS `user_surname`,`u1`.`prename` AS `user_prename`,`u2`.`surname` AS `friends_surname`,`u2`.`prename` AS `friends_prename` from `socialnetwork`.`friendship_accepted` `fs` join `socialnetwork`.`users` `u1` join `socialnetwork`.`users` `u2` where ((`u1`.`id` = `fs`.`primary_user`) and (`u2`.`id` = `fs`.`secondary_user`));

CREATE VIEW friends_requested
AS
select `u1`.`surname` AS `user_surname`,`u1`.`prename` AS `user_prename`,`u2`.`surname` AS `friends_surname`,`u2`.`prename` AS `friends_prename` from `socialnetwork`.`friendship_requested` `fs` join `socialnetwork`.`users` `u1` join `socialnetwork`.`users` `u2` where ((`u1`.`id` = `fs`.`primary_user`) and (`u2`.`id` = `fs`.`secondary_user`));


CREATE VIEW roles
AS
select `socialnetwork`.`users`.`email` AS `email`,'user' AS `role` from `socialnetwork`.`users`;


INSERT INTO activities(activity_id, user_id, typ, parent, time, content)
  VALUES(1, 1, 'status', NULL, '2011-12-01 12:22:33.0', 'Ich bin m√ºde!*:‚Ä¶?');
INSERT INTO activities(activity_id, user_id, typ, parent, time, content)
  VALUES(2, 3, 'status', 1, '2011-12-01 12:22:44.0', 'Du bist aber ein Waschlappen oder etwa nicht? wie viel Zeichen kann ich hier wohl f√ºllen????? wer weiss!!!!!!');
INSERT INTO activities(activity_id, user_id, typ, parent, time, content)
  VALUES(3, 1, 'friend', NULL, '2011-12-01 12:22:33.0', 'Raphael Marques hat Roger Bollmann als Freund hinzugef√ºgt.');
INSERT INTO activities(activity_id, user_id, typ, parent, time, content)
  VALUES(4, 2, 'status', NULL, '2011-11-20 12:22:33.0', 'Ich heisse Cyril und bin super(denke ich zumindest)!');
INSERT INTO activities(activity_id, user_id, typ, parent, time, content)
  VALUES(5, 4, 'profile', NULL, '2011-10-20 12:22:33.0', 'Ich habe mein Name zu F√§be ge√§dert√∂√º');
INSERT INTO activities(activity_id, user_id, typ, parent, time, content)
  VALUES(6, 2, 'status', NULL, '2011-11-20 12:21:33.0', 'Ich bin so doof, ich k√∂nnte eine Kuh essen');
INSERT INTO activities(activity_id, user_id, typ, parent, time, content)
  VALUES(7, 2, 'status', 2, '2011-11-23 13:22:22.0', 'Ich kommentiere gerne Kommentare');
INSERT INTO friendship_requested(primary_user, secondary_user)
  VALUES(1, 2);
INSERT INTO friendship_accepted(primary_user, secondary_user)
  VALUES(1, 3);
INSERT INTO friendship_accepted(primary_user, secondary_user)
  VALUES(1, 4);
INSERT INTO friendship_requested(primary_user, secondary_user)
  VALUES(2, 3);
INSERT INTO friendship_accepted(primary_user, secondary_user)
  VALUES(2, 4);
INSERT INTO friendship_accepeted(primary_user, secondary_user)
  VALUES(3, 4);
  
INSERT INTO users(id, email, password, prename, surname, birthdate, city, photo)
  VALUES(1, 'raphi.rm@gmail.com', '7c4a8d09ca3762af61e59520943dc26494f8941b', 'Raphael', 'Marques', '1988-09-16', 'Z¸rich', '');
INSERT INTO users(id, email, password, prename, surname, birthdate, city, photo)
  VALUES(2, 'roger_bollmann#@gmail.com', '7c4a8d09ca3762af61e59520943dc26494f8941b', 'Roger', 'Bollmann', '1922-12-31', 'Z¸rich', '');
INSERT INTO users(id, email, password, prename, surname, birthdate, city, photo)
  VALUES(3, 'c_i*ril1988@bluewineriani.do', '7c4a8d09ca3762af61e59520943dc26494f8941b', 'Cyril', 'G2Ba', '1711-09-30', 'Baden baden bden', '');
INSERT INTO users(id, email, password, prename, surname, birthdate, city, photo)
  VALUES(4, 'fabian.vogler@bluewin.ch', '7c4a8d09ca3762af61e59520943dc26494f8941b', 'Fabian', 'Vogler', '1989-01-01', 'Baden', '');
 
 
  ALTER TABLE activities
	ADD CONSTRAINT activities_ibfk_1
	FOREIGN KEY(parent)
	REFERENCES activities(activity_id)
	ON DELETE CASCADE 
	ON UPDATE RESTRICT ;
